<?xml version="1.0"?>
<metadata>
<idinfo>
  <citation>
    <citeinfo>
      <origin>Energy Resources Conservation Board</origin>
      <origin>Alberta Geological Survey</origin>
      <origin>Andriashek, L.D.</origin>
      <origin>Lyster, S.</origin>
      <pubdate>20120912</pubdate>
      <title>Distribution of the Sunchild Aquifer, Alberta (GIS data, polygon features)</title>
      <geoform>raster digital data</geoform>
      <serinfo>
        <sername>Digital Data</sername>
        <issue>DIG 2012-0028</issue>
      </serinfo>
      <pubinfo>
        <pubplace>Edmonton, Alberta, Canada</pubplace>
        <publish>Alberta Geological Survey</publish>
      </pubinfo>
      <onlink>http://www.ags.gov.ab.ca/publications/DIG/ZIP/DIG_2012_0028.zip</onlink>
    </citeinfo>
  </citation>
  <descript>
    <abstract>This GIS dataset illustrates the areal extent (surface and subsurface) of the Sunchild aquifer. It is in ESRI shapefile format.</abstract>
    <purpose>The shapefile was generated to create a 2-D map showing the regional extent of the Sunchild aquifer within the Paskapoo Formation in Alberta and to create a querying code for raster calculations.</purpose>
    <supplinf>Language: In English; filename: Sunchild_aquifer_py_tm.shp</supplinf>
  </descript>
  <timeperd>
    <timeinfo>
      <rngdates>
        <begdate>2009</begdate>
        <enddate>2011</enddate>
      </rngdates>
    </timeinfo>
    <current>ground condition</current>
  </timeperd>
  <status>
    <progress>Complete</progress>
    <update>None planned</update>
  </status>
  <spdom>
    <bounding>
      <westbc>-118.525239</westbc>
      <eastbc>-113.489449</eastbc>
      <northbc>54.477398</northbc>
      <southbc>50.976411</southbc>
    </bounding>
  </spdom>
  <keywords>
    <theme>
      <themekt>none</themekt>
      <themekey>alberta foothills</themekey>
      <themekey>alberta plains</themekey>
      <themekey>aquifers</themekey>
      <themekey>gis data</themekey>
      <themekey>hydrostratigraphy</themekey>
      <themekey>paskapoo formation</themekey>
      <themekey>shapefile</themekey>
      <themekey>sunchild aquifer</themekey>
    </theme>
    <theme>
      <themekt>ISO 19115 Topic Category</themekt>
      <themekey>geoscientificInformation</themekey>
    </theme>
    <place>
      <placekt>none</placekt>
      <placekey>82n</placekey>
      <placekey>82o</placekey>
      <placekey>82p</placekey>
      <placekey>83a</placekey>
      <placekey>83b</placekey>
      <placekey>83c</placekey>
      <placekey>83d</placekey>
      <placekey>83e</placekey>
      <placekey>83f</placekey>
      <placekey>83g</placekey>
      <placekey>83h</placekey>
      <placekey>83i</placekey>
      <placekey>83j</placekey>
      <placekey>83k</placekey>
      <placekey>83l</placekey>
      <placekey>alberta</placekey>
      <placekey>canada</placekey>
    </place>
  </keywords>
  <accconst>Public</accconst>
  <useconst>Acknowledgement of the Alberta Energy Regulator/Alberta Geological Survey as the originator/source of this information is required as described in the Open Government License - Alberta.</useconst>
  <ptcontac>
    <cntinfo>
      <cntorgp>
        <cntorg>Alberta Geological Survey</cntorg>
        <cntper>Publications and Marketing Advisor</cntper>
      </cntorgp>
      <cntpos>Publications and Marketing Advisor</cntpos>
      <cntaddr>
        <addrtype>mailing and physical</addrtype>
        <address>Alberta Energy Regulator</address>
        <address>4th Floor, Twin Atria Building</address>
        <address>4999-98 Avenue NW</address>
        <city>Edmonton</city>
        <state>Alberta</state>
        <postal>T6B 2X3</postal>
        <country>Canada</country>
      </cntaddr>
      <cntvoice>(780) 422-1927</cntvoice>
      <cntfax>(780) 422-1918</cntfax>
      <cntemail>AGS-Info@aer.ca</cntemail>
      <hours>8:00 a.m. to 12:00 p.m. and 1:00 p.m. to 4:30 p.m.</hours>
    </cntinfo>
  </ptcontac>
  <datacred>K. Mckay</datacred>
  <native>Microsoft Windows XP Version 5.1 (Build 2600) Service Pack 2; ESRI ArcCatalog 9.0.0.535</native>
  <crossref>
    <citeinfo>
      <origin>Energy Resources Conservation Board</origin>
      <origin>Alberta Geological Survey</origin>
      <origin>Lyster, S.</origin>
      <origin>Andriashek, L.D.</origin>
      <pubdate>20120803</pubdate>
      <title>Geostatistical Rendering of the Architecture of Hydrostratigraphic Units within the Paskapoo Formation, Central Alberta</title>
      <geoform>document</geoform>
      <serinfo>
        <sername>Bulletin</sername>
        <issue>BUL 066</issue>
      </serinfo>
      <pubinfo>
        <pubplace>Edmonton, Alberta, Canada</pubplace>
        <publish>Alberta Geological Survey</publish>
      </pubinfo>
      <othercit>ISBN: 978-1-4601-0083-7</othercit>
      <onlink>http://www.ags.gov.ab.ca/publications</onlink>
    </citeinfo>
  </crossref>
  <crossref>
    <citeinfo>
      <origin>Energy Resources Conservation Board</origin>
      <origin>Alberta Geological Survey</origin>
      <origin>Andriashek, L.D.</origin>
      <origin>Lyster, S.</origin>
      <pubdate>20120912</pubdate>
      <title>Modelled Sandiness of the Paskapoo Formation, Alberta (Tabular data, tab-delimited format)</title>
      <geoform>tabular digital data</geoform>
      <serinfo>
        <sername>Digital Data</sername>
        <issue>DIG 2012-0017</issue>
      </serinfo>
      <pubinfo>
        <pubplace>Edmonton, Alberta, Canada</pubplace>
        <publish>Alberta Geological Survey</publish>
      </pubinfo>
      <onlink>http://www.ags.gov.ab.ca/publications</onlink>
    </citeinfo>
  </crossref>
  <crossref>
    <citeinfo>
      <origin>Energy Resources Conservation Board</origin>
      <origin>Alberta Geological Survey</origin>
      <origin>Lyster, S.</origin>
      <origin>Andriashek, L.D.</origin>
      <origin>Hathway, B.</origin>
      <pubdate>20120912</pubdate>
      <title>Twentieth Percentile Modelled Base of the Paskapoo Formation, Alberta (Gridded data, ASCII format)</title>
      <geoform>raster digital data</geoform>
      <serinfo>
        <sername>Digital Data</sername>
        <issue>DIG 2012-0022</issue>
      </serinfo>
      <pubinfo>
        <pubplace>Edmonton, Alberta, Canada</pubplace>
        <publish>Alberta Geological Survey</publish>
      </pubinfo>
      <onlink>http://www.ags.gov.ab.ca/publications</onlink>
    </citeinfo>
  </crossref>
  <crossref>
    <citeinfo>
      <origin>Energy Resources Conservation Board</origin>
      <origin>Alberta Geological Survey</origin>
      <origin>Lyster, S.</origin>
      <origin>Andriashek, L.D.</origin>
      <pubdate>20120912</pubdate>
      <title>Isopach of the Paskapoo Formation, Alberta (Gridded data, ASCII format)</title>
      <geoform>raster digital data</geoform>
      <serinfo>
        <sername>Digital Data</sername>
        <issue>DIG 2012-0018</issue>
      </serinfo>
      <pubinfo>
        <pubplace>Edmonton, Alberta, Canada</pubplace>
        <publish>Alberta Geological Survey</publish>
      </pubinfo>
      <onlink>http://www.ags.gov.ab.ca/publications</onlink>
    </citeinfo>
  </crossref>
  <crossref>
    <citeinfo>
      <origin>Energy Resources Conservation Board</origin>
      <origin>Alberta Geological Survey</origin>
      <origin>Andriashek, L.D.</origin>
      <origin>Lyster, S.</origin>
      <pubdate>20120912</pubdate>
      <title>Structure Top of the Paskapoo Formation, Alberta (Gridded data, ASCII format)</title>
      <geoform>raster digital data</geoform>
      <serinfo>
        <sername>Digital Data</sername>
        <issue>DIG 2012-0023</issue>
      </serinfo>
      <pubinfo>
        <pubplace>Edmonton, Alberta, Canada</pubplace>
        <publish>Alberta Geological Survey</publish>
      </pubinfo>
      <onlink>http://www.ags.gov.ab.ca/publications</onlink>
    </citeinfo>
  </crossref>
  <crossref>
    <citeinfo>
      <origin>Energy Resources Conservation Board</origin>
      <origin>Alberta Geological Survey</origin>
      <origin>Lyster, S.</origin>
      <origin>Andriashek, L.D.</origin>
      <pubdate>20120912</pubdate>
      <title>Structure Top of the Haynes Aquifer, Alberta (Gridded data, ASCII format)</title>
      <geoform>raster digital data</geoform>
      <serinfo>
        <sername>Digital Data</sername>
        <issue>DIG 2012-0026</issue>
      </serinfo>
      <pubinfo>
        <pubplace>Edmonton, Alberta, Canada</pubplace>
        <publish>Alberta Geological Survey</publish>
      </pubinfo>
      <onlink>http://www.ags.gov.ab.ca/publications</onlink>
    </citeinfo>
  </crossref>
  <crossref>
    <citeinfo>
      <origin>Energy Resources Conservation Board</origin>
      <origin>Alberta Geological Survey</origin>
      <origin>Lyster, S.</origin>
      <origin>Andriashek, L.D.</origin>
      <pubdate>20120912</pubdate>
      <title>Isopach of the Haynes Aquifer, Alberta (Gridded data, ASCII format)</title>
      <geoform>raster digital data</geoform>
      <serinfo>
        <sername>Digital Data</sername>
        <issue>DIG 2012-0021</issue>
      </serinfo>
      <pubinfo>
        <pubplace>Edmonton, Alberta, Canada</pubplace>
        <publish>Alberta Geological Survey</publish>
      </pubinfo>
      <onlink>http://www.ags.gov.ab.ca/publications</onlink>
    </citeinfo>
  </crossref>
  <crossref>
    <citeinfo>
      <origin>Energy Resources Conservation Board</origin>
      <origin>Alberta Geological Survey</origin>
      <origin>Andriashek, L.D.</origin>
      <origin>Lyster, S.</origin>
      <pubdate>20120912</pubdate>
      <title>Distribution of the Haynes Aquifer, Alberta (GIS data, polygon features)</title>
      <geoform>raster digital data</geoform>
      <serinfo>
        <sername>Digital Data</sername>
        <issue>DIG 2012-0027</issue>
      </serinfo>
      <pubinfo>
        <pubplace>Edmonton, Alberta, Canada</pubplace>
        <publish>Alberta Geological Survey</publish>
      </pubinfo>
      <onlink>http://www.ags.gov.ab.ca/publications</onlink>
    </citeinfo>
  </crossref>
  <crossref>
    <citeinfo>
      <origin>Energy Resources Conservation Board</origin>
      <origin>Alberta Geological Survey</origin>
      <origin>Andriashek, L.D.</origin>
      <origin>Lyster, S.</origin>
      <pubdate>20120912</pubdate>
      <title>Isopach of the Lacombe Aquitard, Alberta (Gridded data, ASCII format)</title>
      <geoform>raster digital data</geoform>
      <serinfo>
        <sername>Digital Data</sername>
        <issue>DIG 2012-0020</issue>
      </serinfo>
      <pubinfo>
        <pubplace>Edmonton, Alberta, Canada</pubplace>
        <publish>Alberta Geological Survey</publish>
      </pubinfo>
      <onlink>http://www.ags.gov.ab.ca/publications</onlink>
    </citeinfo>
  </crossref>
  <crossref>
    <citeinfo>
      <origin>Energy Resources Conservation Board</origin>
      <origin>Alberta Geological Survey</origin>
      <origin>Andriashek, L.D.</origin>
      <origin>Lyster, S.</origin>
      <pubdate>20120912</pubdate>
      <title>Structure Top of the Lacombe Aquitard, Alberta (Gridded data, ASCII format)</title>
      <geoform>raster digital data</geoform>
      <serinfo>
        <sername>Digital Data</sername>
        <issue>DIG 2012-0025</issue>
      </serinfo>
      <pubinfo>
        <pubplace>Edmonton, Alberta, Canada</pubplace>
        <publish>Alberta Geological Survey</publish>
      </pubinfo>
      <onlink>http://www.ags.gov.ab.ca/publications</onlink>
    </citeinfo>
  </crossref>
  <crossref>
    <citeinfo>
      <origin>Energy Resources Conservation Board</origin>
      <origin>Alberta Geological Survey</origin>
      <origin>Andriashek, L.D.</origin>
      <origin>Lyster, S.</origin>
      <pubdate>20120912</pubdate>
      <title>Distribution of the Lacombe Aquitard (GIS data, polygon features)</title>
      <geoform>vector digital data</geoform>
      <serinfo>
        <sername>Digital Data</sername>
        <issue>DIG 2012-0029</issue>
      </serinfo>
      <pubinfo>
        <pubplace>Edmonton, Alberta, Canada</pubplace>
        <publish>Alberta Geological Survey</publish>
      </pubinfo>
      <onlink>http://www.ags.gov.ab.ca/publications</onlink>
    </citeinfo>
  </crossref>
  <crossref>
    <citeinfo>
      <origin>Energy Resources Conservation Board</origin>
      <origin>Alberta Geological Survey</origin>
      <origin>Andriashek, L.D.</origin>
      <origin>Lyster, S.</origin>
      <pubdate>20120912</pubdate>
      <title>Structure Top of the Sunchild Aquifer, Alberta (Gridded data, ASCII format)</title>
      <geoform>raster digital data</geoform>
      <serinfo>
        <sername>Digital Data</sername>
        <issue>DIG 2012-0024</issue>
      </serinfo>
      <pubinfo>
        <pubplace>Edmonton, Alberta, Canada</pubplace>
        <publish>Alberta Geological Survey</publish>
      </pubinfo>
      <onlink>http://www.ags.gov.ab.ca/publications</onlink>
    </citeinfo>
  </crossref>
  <crossref>
    <citeinfo>
      <origin>Energy Resources Conservation Board</origin>
      <origin>Alberta Geological Survey</origin>
      <origin>Andriashek, L.D.</origin>
      <origin>Lyster, S.</origin>
      <pubdate>20120912</pubdate>
      <title>Isopach of the Sunchild Aquifer, Alberta (Gridded data, ASCII format)</title>
      <geoform>raster digital data</geoform>
      <serinfo>
        <sername>Digital Data</sername>
        <issue>DIG 2012-0019</issue>
      </serinfo>
      <pubinfo>
        <pubplace>Edmonton, Alberta, Canada</pubplace>
        <publish>Alberta Geological Survey</publish>
      </pubinfo>
      <onlink>http://www.ags.gov.ab.ca/publications</onlink>
    </citeinfo>
  </crossref>
</idinfo>
<dataqual>
  <attracc>
    <attraccr>The polygon boundaries are only a rough approximation based on a model cell size of 1000 m x 1000 m resolution.</attraccr>
  </attracc>
  <logic>We used the ESRI ArcCatalog Check Geometry tool to check the shapefile for topological integrity. No deficiencies were found. The polygons have an irregular edge corresponding to the 1000 m x 1000 m block model grid-cell dimensions of the source dataset (Alberta Geological Survey Digital Dataset 2012-0019).</logic>
  <complete>We only modelled the undeformed part of the Paskapoo Formation, which lies east of the Rocky Mountain fold-and-thrust belt, in this study.</complete>
  <posacc>
    <horizpa>
      <horizpar>Horizontal accuracy is only at the scale of 1000 m x 1000 m grid-cell size. The polygon boundary should only be used for regional-scale (&gt;10 km) studies.</horizpar>
    </horizpa>
    <vertacc>
      <vertaccr>The shapefile represents only plan-view information. There are no vertical attributes to the polygons.</vertaccr>
    </vertacc>
  </posacc>
  <lineage>
    <srcinfo>
      <srccite>
        <citeinfo>
          <origin>Energy Resources Conservation Board</origin>
          <origin>Alberta Geological Survey</origin>
          <origin>Andriashek, L.D.</origin>
          <origin>Lyster, S.</origin>
          <pubdate>20120912</pubdate>
          <title>Isopach of the Sunchild Aquifer, Alberta (Gridded data, ASCII format)</title>
          <geoform>raster digital data</geoform>
          <serinfo>
            <sername>Digital Data</sername>
            <issue>DIG 2012-0019</issue>
          </serinfo>
          <pubinfo>
            <pubplace>Edmonton, Alberta, Canada</pubplace>
            <publish>Alberta Geological Survey</publish>
          </pubinfo>
        </citeinfo>
      </srccite>
      <srcscale>0</srcscale>
      <typesrc>database</typesrc>
      <srctime>
        <timeinfo>
          <rngdates>
            <begdate>2009</begdate>
            <enddate>2011</enddate>
          </rngdates>
        </timeinfo>
        <srccurr>ground condition</srccurr>
      </srctime>
      <srccitea>AGS DIG 2012-0019</srccitea>
      <srccontr>subsurface extent of the Sunchild aquifer in raster format</srccontr>
    </srcinfo>
    <procstep>
      <procdesc>We created this shapefile by converting the Sunchild isopach grid dataset (Alberta Geological Survey Digital Dataset 2012-0019) into a polygon feature class and then exported it as a shapefile.</procdesc>
      <procdate>2011</procdate>
    </procstep>
  </lineage>
</dataqual>
<spdoinfo>
  <direct>Vector</direct>
  <ptvctinf>
    <sdtsterm>
      <sdtstype>G-polygon</sdtstype>
      <ptvctcnt>341</ptvctcnt>
    </sdtsterm>
  </ptvctinf>
</spdoinfo>
<spref>
  <horizsys>
    <planar>
      <planci>
        <plance>coordinate pair</plance>
        <plandu>metres</plandu>
        <coordrep>
          <absres>0.000000</absres>
          <ordres>0.000000</ordres>
        </coordrep>
      </planci>
      <mapproj>
        <mapprojn>Transverse Mercator</mapprojn>
        <transmer>
          <sfctrmer>0.999200</sfctrmer>
          <longcm>-115.000000</longcm>
          <latprjo>0.000000</latprjo>
          <feast>500000.000000</feast>
          <fnorth>0.000000</fnorth>
        </transmer>
      </mapproj>
    </planar>
    <geodetic>
      <horizdn>North American Datum of 1983</horizdn>
      <ellips>Geodetic Reference System 80</ellips>
      <semiaxis>6378137.000000</semiaxis>
      <denflat>298.257222</denflat>
    </geodetic>
  </horizsys>
</spref>
<eainfo>
  <detailed>
    <enttyp>
      <enttypl>Sunchild_aquifer_py_tm.dbf</enttypl>
      <enttypd>Polygon attributes</enttypd>
      <enttypds>Alberta Geological Survey</enttypds>
    </enttyp>
    <attr>
      <attrlabl>GRIDCODE</attrlabl>
      <attrdef>Indicates where Sunchild aquifer is present (1) or absent (0)</attrdef>
      <attrdefs>Alberta Geological Survey</attrdefs>
    </attr>
  </detailed>
</eainfo>
<distinfo>
  <distrib>
    <cntinfo>
      <cntorgp>
        <cntorg>Alberta Geological Survey</cntorg>
        <cntper>Publications and Marketing Advisor</cntper>
      </cntorgp>
      <cntpos>Publications and Marketing Advisor</cntpos>
      <cntaddr>
        <addrtype>mailing and physical</addrtype>
        <address>Alberta Energy Regulator</address>
        <address>4th Floor, Twin Atria Building</address>
        <address>4999-98 Avenue NW</address>
        <city>Edmonton</city>
        <state>Alberta</state>
        <postal>T6B 2X3</postal>
        <country>Canada</country>
      </cntaddr>
      <cntvoice>(780) 422-1927</cntvoice>
      <cntfax>(780) 422-1918</cntfax>
      <cntemail>AGS-Info@aer.ca</cntemail>
      <hours>8:00 a.m. to 12:00 p.m. and 1:00 p.m. to 4:30 p.m.</hours>
    </cntinfo>
  </distrib>
  <distliab>The Alberta Energy Regulator/Alberta Geological Survey (AER/AGS) licenses this information under the Open Government License - Alberta. Any references to proprietary software in our documentation, and/or any use of proprietary data formats in our releases, do not constitute endorsement by the AER/AGS of any manufacturer&apos;s product.</distliab>
</distinfo>
<metainfo>
  <metd>20131107</metd>
  <metc>
    <cntinfo>
      <cntorgp>
        <cntorg>Alberta Geological Survey</cntorg>
        <cntper>Publications and Marketing Advisor</cntper>
      </cntorgp>
      <cntpos>Publications and Marketing Advisor</cntpos>
      <cntaddr>
        <addrtype>mailing and physical</addrtype>
        <address>Alberta Energy Regulator</address>
        <address>4th Floor, Twin Atria Building</address>
        <address>4999-98 Avenue NW</address>
        <city>Edmonton</city>
        <state>Alberta</state>
        <postal>T6B 2X3</postal>
        <country>Canada</country>
      </cntaddr>
      <cntvoice>(780) 422-1927</cntvoice>
      <cntfax>(780) 422-1918</cntfax>
      <cntemail>AGS-Info@aer.ca</cntemail>
      <hours>8:00 a.m. to 12:00 p.m. and 1:00 p.m. to 4:30 p.m.</hours>
    </cntinfo>
  </metc>
  <metstdn>FGDC Content Standard for Digital Geospatial Metadata</metstdn>
  <metstdv>FGDC-STD-001-1998</metstdv>
  <mettc>local time</mettc>
  <metac>none</metac>
  <metuc>none</metuc>
</metainfo>
</metadata>
